Volume;Close;Open;BERT_title_pos;BERT_title_likes_pos0,2;BERT_title_likes_pos0,4;BERT_title_likes_pos0,6;BERT_title_neu;BERT_title_likes_neu0,2;BERT_title_likes_neu0,4;BERT_title_likes_neu0,6;BERT_title_neg;BERT_title_likes_neg0,2;BERT_title_likes_neg0,4;BERT_title_likes_neg0,6;BERT_body_likes_pos0,2;BERT_body_likes_pos0,4;BERT_body_likes_pos0,6;BERT_body_likes_neu0,2;BERT_body_likes_neu0,4;BERT_body_likes_neu0,6;BERT_body_likes_neg0,2;BERT_body_likes_neg0,4;BERT_body_likes_neg0,6
1.0;-0.17507569104268914;-0.06703895144889353;0.24558094029764543;0.5191280358232363;0.5202180196468489;0.5205828272347568;0.24721924489703406;0.4958885320209851;0.49678033269697425;0.49707853735800706;0.2265770601308542;0.436025849325087;0.43700714961308984;0.4373360440623637;0.23662670746121023;0.23694733831725542;0.23705502614424256;0.3936796382393438;0.39452660589936966;0.39481040036158954;0.3204697523917061;0.3211269628728242;0.32134753175060415
-0.17507569104268914;1.0;0.9552768718901417;0.2598349453658414;0.07076295315677016;0.06973101184705355;0.06938483560152028;0.2653522375939812;0.050065770679957;0.048934401319571906;0.0485550207504322;0.26847601115806635;0.1172407653093289;0.11634289739491348;0.11604142384046581;0.2443629774394118;0.24412448941635068;0.24404431450790565;0.15491920320386804;0.1541091334047394;0.15383706457559368;0.19062782116789403;0.19005728726538756;0.18986555467337815
-0.06703895144889353;0.9552768718901417;1.0;0.33863192978112416;0.1874629173882915;0.1865529749151824;0.1862475477138364;0.3353691198321248;0.15166627444715775;0.15061923010216524;0.1502679605278932;0.34576513532718467;0.2257714226482004;0.22500087068581912;0.22474201398196844;0.3336230389776631;0.3334669970598309;0.33341450757125707;0.2615834234188538;0.26091925759834994;0.2606960303703859;0.29360972175454914;0.29317726002577643;0.29303184707066043
0.24558094029764543;0.2598349453658414;0.33863192978112416;1.0;0.6480946121345994;0.6460617616179553;0.6453810729482298;0.9853429281456428;0.610960479336159;0.6089229256936101;0.6082409316594427;0.9983245424082783;0.6977530821104103;0.6957513337592045;0.6950805306060662;0.8988119052939877;0.8978104029085705;0.8974732237820482;0.7596116626829432;0.7577137241346471;0.757076793895004;0.749957970547526;0.7480779626878739;0.7474472823499037
0.5191280358232363;0.07076295315677016;0.1874629173882915;0.6480946121345994;1.0;0.9999964454164088;0.9999936711965982;0.6366492736744689;0.983821796294353;0.9837203892321887;0.9836849732572635;0.62898002454639;0.9872615667129725;0.9874386543624049;0.9874961640484706;0.8466812595173221;0.8476480849431157;0.8479712055642719;0.9364762524426301;0.9369194173265539;0.9370658799968871;0.9504135898856058;0.9508176224360342;0.9509510810797779
0.5202180196468489;0.06973101184705355;0.1865529749151824;0.6460617616179553;0.9999964454164088;1.0;0.999999602656705;0.6346418097637697;0.9839116005664187;0.9838170974535879;0.9837839889757652;0.6269097360400279;0.9870552938709094;0.9872397910391113;0.9872997795641646;0.8454525754014044;0.8464250975257168;0.84675013067299;0.9359383525978215;0.9363891663474242;0.9365381907864193;0.9499410635389021;0.9503525935238367;0.9504885625941739
0.5205828272347568;0.06938483560152028;0.1862475477138364;0.6453810729482298;0.9999936711965982;0.999999602656705;1.0;0.633969626972863;0.9839400654954497;0.9838478708020038;0.9838155338663019;0.6262165607069826;0.9869847632593579;0.9871717374368228;0.9872325546428878;0.8450404358965677;0.8460148611154129;0.8463405331820946;0.9357570267256201;0.9362103970855181;0.9363602777910779;0.9497815724661502;0.9501956084941057;0.950332416685983
0.24721924489703406;0.2653522375939812;0.3353691198321248;0.9853429281456428;0.6366492736744689;0.6346418097637697;0.633969626972863;1.0;0.6173567420617395;0.6152833270515621;0.6145893365153607;0.9815980192249282;0.6848166435750792;0.6828451617703885;0.68218450537029;0.8689922428361264;0.868007442325204;0.8676759068945217;0.7515310627689908;0.7496000812025287;0.7489521052532931;0.7343383393048774;0.7324857107806504;0.731864224096478
0.4958885320209851;0.050065770679957;0.15166627444715775;0.610960479336159;0.983821796294353;0.9839116005664187;0.9839400654954497;0.6173567420617395;1.0;0.9999965338571009;0.999993829496378;0.5911674037648554;0.9782577418067457;0.9785564081155921;0.9786546015114356;0.8208352277414966;0.8219244501046159;0.8222886617118027;0.9272276709274052;0.9277803962957876;0.927963556246405;0.9429822922080008;0.9435292956729444;0.9437106234668419
0.49678033269697425;0.048934401319571906;0.15061923010216524;0.6089229256936101;0.9837203892321887;0.9838170974535879;0.9838478708020038;0.6152833270515621;0.9999965338571009;1.0;0.9999996127519832;0.5891015558070225;0.9779836479565146;0.9782895286160536;0.9783901356858813;0.8196200013723681;0.820714766512576;0.8210808389980014;0.9266250311906364;0.9271853594193052;0.9273710658682727;0.942469691879398;0.9430240241649348;0.9432078060219806
0.49707853735800706;0.0485550207504322;0.1502679605278932;0.6082409316594427;0.9836849732572635;0.9837839889757652;0.9838155338663019;0.6145893365153607;0.999993829496378;0.9999996127519832;1.0;0.588410135031712;0.9778905202522812;0.9781988118373056;0.97830022552268;0.8192125447146545;0.8203091608370382;0.8206758547555504;0.926422166341491;0.9269850349617376;0.9271715922912768;0.942296898229608;0.9428536793181633;0.9430382811622685
0.2265770601308542;0.26847601115806635;0.34576513532718467;0.9983245424082783;0.62898002454639;0.6269097360400279;0.6262165607069826;0.9815980192249282;0.5911674037648554;0.5891015558070225;0.588410135031712;1.0;0.6848191516058317;0.6827770009537352;0.6820927058737892;0.8992188223210338;0.8981779286456565;0.89782753611174;0.7491307753764554;0.7471831533849596;0.7465296114438607;0.7429654923015291;0.7410418020728033;0.7403965134577971
0.436025849325087;0.1172407653093289;0.2257714226482004;0.6977530821104103;0.9872615667129725;0.9870552938709094;0.9869847632593579;0.6848166435750792;0.9782577418067457;0.9779836479565146;0.9778905202522812;0.6848191516058317;1.0;0.9999960835571897;0.9999930252425049;0.8958557220057107;0.8967225302253764;0.8970120341558238;0.9477913031379896;0.9480208264702443;0.9480957435403118;0.9766576928542585;0.9768907494288842;0.9769669298480402
0.43700714961308984;0.11634289739491348;0.22500087068581912;0.6957513337592045;0.9874386543624049;0.9872397910391113;0.9871717374368228;0.6828451617703885;0.9785564081155921;0.9782895286160536;0.9781988118373056;0.6827770009537352;0.9999960835571897;1.0;0.9999995617864168;0.8947548662708242;0.8956279486283522;0.8959195585950401;0.947403276715815;0.9476408829492458;0.947718506789834;0.9763691548393556;0.9766102116809117;0.9766890704903539
0.4373360440623637;0.11604142384046581;0.22474201398196844;0.6950805306060662;0.9874961640484706;0.9872997795641646;0.9872325546428878;0.68218450537029;0.9786546015114356;0.9783901356858813;0.97830022552268;0.6820927058737892;0.9999930252425049;0.9999995617864168;1.0;0.8943850646731062;0.8952602442095445;0.8955525581376169;0.9472718251812794;0.9475121347377107;0.9475906638599946;0.9762709316348673;0.9765146641521525;0.9765944187479171
0.23662670746121023;0.2443629774394118;0.3336230389776631;0.8988119052939877;0.8466812595173221;0.8454525754014044;0.8450404358965677;0.8689922428361264;0.8208352277414966;0.8196200013723681;0.8192125447146545;0.8992188223210338;0.8958557220057107;0.8947548662708242;0.8943850646731062;1.0;0.9999968959514237;0.9999944643535917;0.9152889359410099;0.9144041463266664;0.9141060810400766;0.9431035626979404;0.9422308074880765;0.9419369132895539
0.23694733831725542;0.24412448941635068;0.3334669970598309;0.8978104029085705;0.8476480849431157;0.8464250975257168;0.8460148611154129;0.868007442325204;0.8219244501046159;0.820714766512576;0.8203091608370382;0.8981779286456565;0.8967225302253764;0.8956279486283522;0.8952602442095445;0.9999968959514237;1.0;0.9999996507603349;0.9158396047574602;0.9149615988511103;0.9146658034887742;0.9437869170054567;0.9429209445345467;0.9426293193758467
0.23705502614424256;0.24404431450790565;0.33341450757125707;0.8974732237820482;0.8479712055642719;0.84675013067299;0.8463405331820946;0.8676759068945217;0.8222886617118027;0.8210808389980014;0.8206758547555504;0.89782753611174;0.8970120341558238;0.8959195585950401;0.8955525581376169;0.9999944643535917;0.9999996507603349;1.0;0.9160230404623911;0.9151473112146553;0.9148522776571452;0.9440148201284019;0.9431511239743328;0.9428602603179984
0.3936796382393438;0.15491920320386804;0.2615834234188538;0.7596116626829432;0.9364762524426301;0.9359383525978215;0.9357570267256201;0.7515310627689908;0.9272276709274052;0.9266250311906364;0.926422166341491;0.7491307753764554;0.9477913031379896;0.947403276715815;0.9472718251812794;0.9152889359410099;0.9158396047574602;0.9160230404623911;1.0;0.9999954608477298;0.9999919128763565;0.9581399667648368;0.9579965199261985;0.9579467117504084
0.39452660589936966;0.1541091334047394;0.26091925759834994;0.7577137241346471;0.9369194173265539;0.9363891663474242;0.9362103970855181;0.7496000812025287;0.9277803962957876;0.9271853594193052;0.9269850349617376;0.7471831533849596;0.9480208264702443;0.9476408829492458;0.9475121347377107;0.9144041463266664;0.9149615988511103;0.9151473112146553;0.9999954608477298;1.0;0.9999994912611804;0.9580988492364714;0.9579638145757217;0.9579168222019239
0.39481040036158954;0.15383706457559368;0.2606960303703859;0.757076793895004;0.9370658799968871;0.9365381907864193;0.9363602777910779;0.7489521052532931;0.927963556246405;0.9273710658682727;0.9271715922912768;0.7465296114438607;0.9480957435403118;0.947718506789834;0.9475906638599946;0.9141060810400766;0.9146658034887742;0.9148522776571452;0.9999919128763565;0.9999994912611804;1.0;0.9580831405096772;0.9579509223581963;0.9579048727560673
0.3204697523917061;0.19062782116789403;0.29360972175454914;0.749957970547526;0.9504135898856058;0.9499410635389021;0.9497815724661502;0.7343383393048774;0.9429822922080008;0.942469691879398;0.942296898229608;0.7429654923015291;0.9766576928542585;0.9763691548393556;0.9762709316348673;0.9431035626979404;0.9437869170054567;0.9440148201284019;0.9581399667648368;0.9580988492364714;0.9580831405096772;1.0;0.9999958098416104;0.9999925353138583
0.3211269628728242;0.19005728726538756;0.29317726002577643;0.7480779626878739;0.9508176224360342;0.9503525935238367;0.9501956084941057;0.7324857107806504;0.9435292956729444;0.9430240241649348;0.9428536793181633;0.7410418020728033;0.9768907494288842;0.9766102116809117;0.9765146641521525;0.9422308074880765;0.9429209445345467;0.9431511239743328;0.9579965199261985;0.9579638145757217;0.9579509223581963;0.9999958098416104;1.0;0.9999995305405617
0.32134753175060415;0.18986555467337815;0.29303184707066043;0.7474472823499037;0.9509510810797779;0.9504885625941739;0.950332416685983;0.731864224096478;0.9437106234668419;0.9432078060219806;0.9430382811622685;0.7403965134577971;0.9769669298480402;0.9766890704903539;0.9765944187479171;0.9419369132895539;0.9426293193758467;0.9428602603179984;0.9579467117504084;0.9579168222019239;0.9579048727560673;0.9999925353138583;0.9999995305405617;1.0
